{"cameraMode":{"drawMode":0,"name":"Shaded","section":"Shading Mode"},"sceneLighting":true,"audioPlay":false,"sceneViewState":{"showFog":true,"showMaterialUpdate":false,"showSkybox":true,"showFlares":true,"showImageEffects":true,"showParticleSystems":true},"in2DMode":false,"pivot":{"x":-16.386972427368165,"y":-5.401211738586426,"z":-31.973430633544923},"rotation":{"x":-0.015845326706767083,"y":0.9715545177459717,"z":-0.22635355591773988,"w":-0.06801390647888184},"size":18.89769172668457,"orthographic":false}