{"cameraMode":{"drawMode":0,"name":"Shaded","section":"Shading Mode"},"sceneLighting":true,"audioPlay":false,"sceneViewState":{"showFog":true,"showMaterialUpdate":false,"showSkybox":true,"showFlares":true,"showImageEffects":true,"showParticleSystems":true},"in2DMode":false,"pivot":{"x":-25.905031204223634,"y":-7.043296813964844,"z":-21.966392517089845},"rotation":{"x":0.2140112668275833,"y":-0.6995689272880554,"z":0.23377248644828797,"w":0.6404338479042053},"size":41.11576461791992,"orthographic":false}