{"cameraMode":{"drawMode":0,"name":"Shaded","section":"Shading Mode"},"sceneLighting":true,"audioPlay":false,"sceneViewState":{"showFog":true,"showMaterialUpdate":false,"showSkybox":true,"showFlares":true,"showImageEffects":true,"showParticleSystems":true},"in2DMode":false,"pivot":{"x":-1.15256929397583,"y":10.586503982543946,"z":0.7881708741188049},"rotation":{"x":-0.46589207649230959,"y":-0.5297597646713257,"z":0.45242592692375185,"w":-0.5455589890480042},"size":6.6583170890808109,"orthographic":false}