{"cameraMode":{"drawMode":0,"name":"Shaded","section":"Shading Mode"},"sceneLighting":true,"audioPlay":false,"sceneViewState":{"showFog":true,"showMaterialUpdate":false,"showSkybox":true,"showFlares":true,"showImageEffects":true,"showParticleSystems":true},"in2DMode":false,"pivot":{"x":10.915257453918457,"y":0.06180763244628906,"z":-19.974590301513673},"rotation":{"x":-0.06647150963544846,"y":0.9249461889266968,"z":-0.3217959403991699,"w":-0.19106066226959229},"size":8.592764854431153,"orthographic":false}