{"cameraMode":{"drawMode":0,"name":"Shaded","section":"Shading Mode"},"sceneLighting":true,"audioPlay":false,"sceneViewState":{"showFog":true,"showMaterialUpdate":false,"showSkybox":true,"showFlares":true,"showImageEffects":true,"showParticleSystems":true},"in2DMode":false,"pivot":{"x":0.0,"y":1.5269999504089356,"z":0.011000001803040505},"rotation":{"x":0.05292301997542381,"y":0.9316127896308899,"z":-0.32629865407943728,"w":0.15110455453395844},"size":6.958361625671387,"orthographic":false}