{"cameraMode":{"drawMode":0,"name":"Shaded","section":"Shading Mode"},"sceneLighting":true,"audioPlay":false,"sceneViewState":{"showFog":true,"showMaterialUpdate":false,"showSkybox":true,"showFlares":true,"showImageEffects":true,"showParticleSystems":true},"in2DMode":false,"pivot":{"x":-2.3382933139801027,"y":2.1695194244384767,"z":-11.620744705200196},"rotation":{"x":-0.008934502489864827,"y":0.9670646786689758,"z":-0.03424520045518875,"w":-0.25210636854171755},"size":25.61520004272461,"orthographic":false}