{"cameraMode":{"drawMode":0,"name":"Shaded","section":"Shading Mode"},"sceneLighting":true,"audioPlay":false,"sceneViewState":{"showFog":true,"showMaterialUpdate":false,"showSkybox":true,"showFlares":true,"showImageEffects":true,"showParticleSystems":true},"in2DMode":false,"pivot":{"x":-0.9706807136535645,"y":-6.365235328674316,"z":-15.836384773254395},"rotation":{"x":0.017287271097302438,"y":-0.973867654800415,"z":0.21215778589248658,"w":0.07934477925300598},"size":27.254714965820314,"orthographic":false}