{"cameraMode":{"drawMode":0,"name":"Shaded","section":"Shading Mode"},"sceneLighting":true,"audioPlay":false,"sceneViewState":{"showFog":true,"showMaterialUpdate":false,"showSkybox":true,"showFlares":true,"showImageEffects":true,"showParticleSystems":true},"in2DMode":false,"pivot":{"x":-12.112868309020996,"y":-3.446253776550293,"z":1.521662712097168},"rotation":{"x":0.456403523683548,"y":-0.0865064263343811,"z":0.044640880078077319,"w":0.8844320178031921},"size":20.640209197998048,"orthographic":false}