{"cameraMode":{"drawMode":0,"name":"Shaded","section":"Shading Mode"},"sceneLighting":true,"audioPlay":false,"sceneViewState":{"showFog":true,"showMaterialUpdate":false,"showSkybox":true,"showFlares":true,"showImageEffects":true,"showParticleSystems":true},"in2DMode":false,"pivot":{"x":-26.912893295288087,"y":-7.466794490814209,"z":0.5327401161193848},"rotation":{"x":0.16211694478988648,"y":-0.5873228311538696,"z":0.12149540334939957,"w":0.7836090922355652},"size":31.115005493164064,"orthographic":false}