{"cameraMode":{"drawMode":0,"name":"Shaded","section":"Shading Mode"},"sceneLighting":true,"audioPlay":false,"sceneViewState":{"showFog":true,"showMaterialUpdate":false,"showSkybox":true,"showFlares":true,"showImageEffects":true,"showParticleSystems":true},"in2DMode":false,"pivot":{"x":6.277468204498291,"y":-1.0517778396606446,"z":-8.892976760864258},"rotation":{"x":0.06492756307125092,"y":0.9323508143424988,"z":-0.21192093193531037,"w":0.2856501340866089},"size":7.897270679473877,"orthographic":false}