{"cameraMode":{"drawMode":0,"name":"Shaded","section":"Shading Mode"},"sceneLighting":true,"audioPlay":false,"sceneViewState":{"showFog":true,"showMaterialUpdate":false,"showSkybox":true,"showFlares":true,"showImageEffects":true,"showParticleSystems":true},"in2DMode":false,"pivot":{"x":18.217288970947267,"y":-7.602116584777832,"z":5.9957427978515629},"rotation":{"x":0.17670613527297975,"y":0.5989479422569275,"z":-0.1376374512910843,"w":0.7688441276550293},"size":24.805526733398439,"orthographic":false}