{"cameraMode":{"drawMode":0,"name":"Shaded","section":"Shading Mode"},"sceneLighting":true,"audioPlay":false,"sceneViewState":{"showFog":true,"showMaterialUpdate":false,"showSkybox":true,"showFlares":true,"showImageEffects":true,"showParticleSystems":true},"in2DMode":false,"pivot":{"x":-11.654104232788086,"y":1.8914183378219605,"z":0.12128639221191406},"rotation":{"x":0.12357790023088455,"y":0.00924641638994217,"z":-0.001131423399783671,"w":0.9923072457313538},"size":17.64427375793457,"orthographic":false}