{"cameraMode":{"drawMode":0,"name":"Shaded","section":"Shading Mode"},"sceneLighting":true,"audioPlay":false,"sceneViewState":{"showFog":true,"showMaterialUpdate":false,"showSkybox":true,"showFlares":true,"showImageEffects":true,"showParticleSystems":true},"in2DMode":false,"pivot":{"x":-35.98552322387695,"y":-12.883525848388672,"z":0.15005111694335938},"rotation":{"x":0.05292301997542381,"y":0.9316127896308899,"z":-0.32629865407943728,"w":0.15110455453395844},"size":49.53535842895508,"orthographic":false}