{"cameraMode":{"drawMode":0,"name":"Shaded","section":"Shading Mode"},"sceneLighting":true,"audioPlay":false,"sceneViewState":{"showFog":true,"showMaterialUpdate":false,"showSkybox":true,"showFlares":true,"showImageEffects":true,"showParticleSystems":true},"in2DMode":false,"pivot":{"x":5.8431572914123539,"y":1.001272201538086,"z":-0.8897573947906494},"rotation":{"x":0.15656280517578126,"y":0.8121156096458435,"z":-0.2533412277698517,"w":0.5018033385276794},"size":8.07812213897705,"orthographic":false}