{"cameraMode":{"drawMode":0,"name":"Shaded","section":"Shading Mode"},"sceneLighting":true,"audioPlay":false,"sceneViewState":{"showFog":true,"showMaterialUpdate":false,"showSkybox":true,"showFlares":true,"showImageEffects":true,"showParticleSystems":true},"in2DMode":false,"pivot":{"x":370.388916015625,"y":218.4564971923828,"z":22.606170654296876},"rotation":{"x":0.15313835442066194,"y":0.14324018359184266,"z":-0.022445181384682657,"w":0.9775190353393555},"size":543.2097778320313,"orthographic":false}