{"cameraMode":{"drawMode":0,"name":"Shaded","section":"Shading Mode"},"sceneLighting":true,"audioPlay":false,"sceneViewState":{"showFog":true,"showMaterialUpdate":false,"showSkybox":true,"showFlares":true,"showImageEffects":true,"showParticleSystems":true},"in2DMode":false,"pivot":{"x":3.72576904296875,"y":-8.072154998779297,"z":-7.626800537109375},"rotation":{"x":-0.30440187454223635,"y":0.41844066977500918,"z":-0.15123166143894196,"w":-0.8422448635101318},"size":45.78998565673828,"orthographic":false}