{"cameraMode":{"drawMode":0,"name":"Shaded","section":"Shading Mode"},"sceneLighting":true,"audioPlay":false,"sceneViewState":{"showFog":true,"showMaterialUpdate":false,"showSkybox":true,"showFlares":true,"showImageEffects":true,"showParticleSystems":true},"in2DMode":false,"pivot":{"x":7.838584899902344,"y":-1.8348393440246583,"z":6.948898792266846},"rotation":{"x":-0.20383286476135255,"y":-0.44967055320739748,"z":0.10618603974580765,"w":-0.8631573915481567},"size":9.364670753479004,"orthographic":false}