{"cameraMode":{"drawMode":0,"name":"Shaded","section":"Shading Mode"},"sceneLighting":true,"audioPlay":false,"sceneViewState":{"showFog":true,"showMaterialUpdate":false,"showSkybox":true,"showFlares":true,"showImageEffects":true,"showParticleSystems":true},"in2DMode":false,"pivot":{"x":13.642545700073243,"y":-0.7957360744476318,"z":-19.248449325561525},"rotation":{"x":-0.20894676446914674,"y":-0.5434653759002686,"z":0.14184683561325074,"w":-0.8005452752113342},"size":33.998653411865237,"orthographic":false}