{"cameraMode":{"drawMode":0,"name":"Shaded","section":"Shading Mode"},"sceneLighting":true,"audioPlay":false,"sceneViewState":{"showFog":true,"showMaterialUpdate":false,"showSkybox":true,"showFlares":true,"showImageEffects":true,"showParticleSystems":true},"in2DMode":false,"pivot":{"x":10.086468696594239,"y":-0.4247298240661621,"z":-9.512139320373536},"rotation":{"x":-0.13605348765850068,"y":-0.7198432087898254,"z":0.14732475578784944,"w":-0.6645973324775696},"size":13.211760520935059,"orthographic":false}