{"cameraMode":{"drawMode":0,"name":"Shaded","section":"Shading Mode"},"sceneLighting":true,"audioPlay":false,"sceneViewState":{"showFog":true,"showMaterialUpdate":false,"showSkybox":true,"showFlares":true,"showImageEffects":true,"showParticleSystems":true},"in2DMode":false,"pivot":{"x":0.3930854797363281,"y":-0.15500640869140626,"z":-13.869901657104493},"rotation":{"x":0.0826040729880333,"y":0.9134837985038757,"z":-0.23403874039649964,"w":0.3224141001701355},"size":24.878252029418947,"orthographic":false}