{"cameraMode":{"drawMode":0,"name":"Shaded","section":"Shading Mode"},"sceneLighting":true,"audioPlay":false,"sceneViewState":{"showFog":true,"showMaterialUpdate":false,"showSkybox":true,"showFlares":true,"showImageEffects":true,"showParticleSystems":true},"in2DMode":false,"pivot":{"x":0.10760605335235596,"y":-1.750317096710205,"z":-32.23557662963867},"rotation":{"x":0.002202413510531187,"y":-0.9950624704360962,"z":0.09672220796346665,"w":0.022689497098326684},"size":33.15732955932617,"orthographic":false}