{"cameraMode":{"drawMode":0,"name":"Shaded","section":"Shading Mode"},"sceneLighting":true,"audioPlay":false,"sceneViewState":{"showFog":true,"showMaterialUpdate":false,"showSkybox":true,"showFlares":true,"showImageEffects":true,"showParticleSystems":true},"in2DMode":false,"pivot":{"x":-1.0138098001480103,"y":-3.198971748352051,"z":23.459196090698243},"rotation":{"x":-0.0892486423254013,"y":0.025985779240727426,"z":-0.002329404465854168,"w":-0.9956698417663574},"size":41.19642639160156,"orthographic":false}