{"cameraMode":{"drawMode":0,"name":"Shaded","section":"Shading Mode"},"sceneLighting":true,"audioPlay":false,"sceneViewState":{"showFog":true,"showMaterialUpdate":false,"showSkybox":true,"showFlares":true,"showImageEffects":true,"showParticleSystems":true},"in2DMode":false,"pivot":{"x":114.50975036621094,"y":279.91778564453127,"z":119.85063171386719},"rotation":{"x":0.15313835442066194,"y":0.14324018359184266,"z":-0.022445181384682657,"w":0.9775190353393555},"size":627.1151733398438,"orthographic":false}