{"cameraMode":{"drawMode":0,"name":"Shaded","section":"Shading Mode"},"sceneLighting":true,"audioPlay":false,"sceneViewState":{"showFog":true,"showMaterialUpdate":false,"showSkybox":true,"showFlares":true,"showImageEffects":true,"showParticleSystems":true},"in2DMode":false,"pivot":{"x":-5.594228267669678,"y":1.6493678092956544,"z":-1.255117416381836},"rotation":{"x":0.12879984080791474,"y":0.10540305823087692,"z":-0.013773691840469838,"w":0.985966682434082},"size":1.3236145973205567,"orthographic":false}