{"cameraMode":{"drawMode":0,"name":"Shaded","section":"Shading Mode"},"sceneLighting":true,"audioPlay":false,"sceneViewState":{"showFog":true,"showMaterialUpdate":false,"showSkybox":true,"showFlares":true,"showImageEffects":true,"showParticleSystems":true},"in2DMode":false,"pivot":{"x":-8.024564743041993,"y":-0.8176827430725098,"z":3.9137508869171144},"rotation":{"x":0.2040679007768631,"y":-0.24515829980373383,"z":0.05286853760480881,"w":0.9462878108024597},"size":34.83927536010742,"orthographic":false}