{"cameraMode":{"drawMode":0,"name":"Shaded","section":"Shading Mode"},"sceneLighting":true,"audioPlay":false,"sceneViewState":{"showFog":true,"showMaterialUpdate":false,"showSkybox":true,"showFlares":true,"showImageEffects":true,"showParticleSystems":true},"in2DMode":false,"pivot":{"x":4.27756404876709,"y":-5.554654598236084,"z":-6.933801651000977},"rotation":{"x":0.0826040729880333,"y":0.9134837985038757,"z":-0.23403874039649964,"w":0.3224141001701355},"size":20.861940383911134,"orthographic":false}