{"cameraMode":{"drawMode":0,"name":"Shaded","section":"Shading Mode"},"sceneLighting":true,"audioPlay":false,"sceneViewState":{"showFog":true,"showMaterialUpdate":false,"showSkybox":true,"showFlares":true,"showImageEffects":true,"showParticleSystems":true},"in2DMode":false,"pivot":{"x":-2.4139413833618166,"y":-1.1137142181396485,"z":-6.149177074432373},"rotation":{"x":-0.30440187454223635,"y":0.41844066977500918,"z":-0.15123166143894196,"w":-0.8422448635101318},"size":15.751428604125977,"orthographic":false}