{"cameraMode":{"drawMode":0,"name":"Shaded","section":"Shading Mode"},"sceneLighting":true,"audioPlay":false,"sceneViewState":{"showFog":true,"showMaterialUpdate":false,"showSkybox":true,"showFlares":true,"showImageEffects":true,"showParticleSystems":true},"in2DMode":false,"pivot":{"x":-18.883562088012697,"y":-7.131982803344727,"z":3.874516725540161},"rotation":{"x":-0.17450416088104249,"y":0.5961757302284241,"z":-0.13476303219795228,"w":-0.7719863653182983},"size":31.619850158691408,"orthographic":false}