{"cameraMode":{"drawMode":0,"name":"Shaded","section":"Shading Mode"},"sceneLighting":true,"audioPlay":false,"sceneViewState":{"showFog":true,"showMaterialUpdate":false,"showSkybox":true,"showFlares":true,"showImageEffects":true,"showParticleSystems":true},"in2DMode":false,"pivot":{"x":-5.399214744567871,"y":-4.089965343475342,"z":26.1856632232666},"rotation":{"x":-0.15141578018665315,"y":0.15411072969436646,"z":-0.023906582966446878,"w":-0.9760919809341431},"size":28.535715103149415,"orthographic":false}