{"cameraMode":{"drawMode":0,"name":"Shaded","section":"Shading Mode"},"sceneLighting":true,"audioPlay":false,"sceneViewState":{"showFog":true,"showMaterialUpdate":false,"showSkybox":true,"showFlares":true,"showImageEffects":true,"showParticleSystems":true},"in2DMode":false,"pivot":{"x":148.33029174804688,"y":167.46751403808595,"z":-162.42767333984376},"rotation":{"x":0.17670613527297975,"y":0.5989479422569275,"z":-0.1376374512910843,"w":0.7688441276550293},"size":716.8524169921875,"orthographic":false}