{"cameraMode":{"drawMode":0,"name":"Shaded","section":"Shading Mode"},"sceneLighting":true,"audioPlay":false,"sceneViewState":{"showFog":true,"showMaterialUpdate":false,"showSkybox":true,"showFlares":true,"showImageEffects":true,"showParticleSystems":true},"in2DMode":false,"pivot":{"x":4.6387434005737309,"y":-1.8575382232666016,"z":1.8150856494903565},"rotation":{"x":-0.20894676446914674,"y":-0.5434653759002686,"z":0.14184683561325074,"w":-0.8005452752113342},"size":13.923500061035157,"orthographic":false}