{"cameraMode":{"drawMode":0,"name":"Shaded","section":"Shading Mode"},"sceneLighting":true,"audioPlay":false,"sceneViewState":{"showFog":true,"showMaterialUpdate":false,"showSkybox":true,"showFlares":true,"showImageEffects":true,"showParticleSystems":true},"in2DMode":false,"pivot":{"x":-4.929815769195557,"y":2.4017333984375,"z":1.441986083984375},"rotation":{"x":0.00586238456889987,"y":0.9660463929176331,"z":-0.2574008107185364,"w":0.022028252482414247},"size":20.38906478881836,"orthographic":false}