{"cameraMode":{"drawMode":0,"name":"Shaded","section":"Shading Mode"},"sceneLighting":true,"audioPlay":false,"sceneViewState":{"showFog":true,"showMaterialUpdate":false,"showSkybox":true,"showFlares":true,"showImageEffects":true,"showParticleSystems":true},"in2DMode":false,"pivot":{"x":-1.392469882965088,"y":-0.06830501556396485,"z":0.8898162841796875},"rotation":{"x":0.05292301997542381,"y":0.9316127896308899,"z":-0.32629865407943728,"w":0.15110455453395844},"size":9.766779899597168,"orthographic":false}