{"cameraMode":{"drawMode":0,"name":"Shaded","section":"Shading Mode"},"sceneLighting":true,"audioPlay":false,"sceneViewState":{"showFog":true,"showMaterialUpdate":false,"showSkybox":true,"showFlares":true,"showImageEffects":true,"showParticleSystems":true},"in2DMode":false,"pivot":{"x":-9.453047752380371,"y":-7.312241077423096,"z":3.4634995460510256},"rotation":{"x":0.21468022465705872,"y":-0.6197057962417603,"z":0.18155838549137116,"w":0.7327591180801392},"size":27.302051544189454,"orthographic":false}