{"cameraMode":{"drawMode":0,"name":"Shaded","section":"Shading Mode"},"sceneLighting":true,"audioPlay":false,"sceneViewState":{"showFog":true,"showMaterialUpdate":false,"showSkybox":true,"showFlares":true,"showImageEffects":true,"showParticleSystems":true},"in2DMode":false,"pivot":{"x":-3.096242666244507,"y":0.982367753982544,"z":-0.5394096374511719},"rotation":{"x":0.053865864872932437,"y":-0.9280959963798523,"z":0.1482565551996231,"w":0.33732515573501589},"size":10.887748718261719,"orthographic":false}