{"cameraMode":{"drawMode":0,"name":"Shaded","section":"Shading Mode"},"sceneLighting":true,"audioPlay":false,"sceneViewState":{"showFog":true,"showMaterialUpdate":false,"showSkybox":true,"showFlares":true,"showImageEffects":true,"showParticleSystems":true},"in2DMode":false,"pivot":{"x":14.109260559082032,"y":-10.902982711791993,"z":-0.0724334716796875},"rotation":{"x":0.17723296582698823,"y":0.8227389454841614,"z":-0.378132164478302,"w":0.3856233060359955},"size":27.883922576904298,"orthographic":false}