{"cameraMode":{"drawMode":0,"name":"Shaded","section":"Shading Mode"},"sceneLighting":true,"audioPlay":false,"sceneViewState":{"showFog":true,"showMaterialUpdate":false,"showSkybox":true,"showFlares":true,"showImageEffects":true,"showParticleSystems":true},"in2DMode":false,"pivot":{"x":-1.94815194606781,"y":1.9156384468078614,"z":1.7628660202026368},"rotation":{"x":0.22244642674922944,"y":-0.6514826416969299,"z":0.20861884951591493,"w":0.6946929693222046},"size":3.687297821044922,"orthographic":false}