{"cameraMode":{"drawMode":0,"name":"Shaded","section":"Shading Mode"},"sceneLighting":true,"audioPlay":false,"sceneViewState":{"showFog":true,"showMaterialUpdate":false,"showSkybox":true,"showFlares":true,"showImageEffects":true,"showParticleSystems":true},"in2DMode":false,"pivot":{"x":-4.871023654937744,"y":1.4118461608886719,"z":1.56146240234375},"rotation":{"x":0.09830367565155029,"y":-0.4798804819583893,"z":0.054215334355831149,"w":0.8701243996620178},"size":3.5355300903320314,"orthographic":false}