{"cameraMode":{"drawMode":0,"name":"Shaded","section":"Shading Mode"},"sceneLighting":true,"audioPlay":false,"sceneViewState":{"showFog":true,"showMaterialUpdate":false,"showSkybox":true,"showFlares":true,"showImageEffects":true,"showParticleSystems":true},"in2DMode":false,"pivot":{"x":2.4279098510742189,"y":-4.919734477996826,"z":-8.872451782226563},"rotation":{"x":0.0826040729880333,"y":0.9134837985038757,"z":-0.23403874039649964,"w":0.3224141001701355},"size":26.622512817382814,"orthographic":false}