{"cameraMode":{"drawMode":0,"name":"Shaded","section":"Shading Mode"},"sceneLighting":true,"audioPlay":false,"sceneViewState":{"showFog":true,"showMaterialUpdate":false,"showSkybox":true,"showFlares":true,"showImageEffects":true,"showParticleSystems":true},"in2DMode":false,"pivot":{"x":-1.0792474746704102,"y":0.7548855543136597,"z":-12.958757400512696},"rotation":{"x":-0.026690101251006128,"y":0.9673593640327454,"z":-0.11517100781202316,"w":-0.22415974736213685},"size":5.538118362426758,"orthographic":false}