{"cameraMode":{"drawMode":0,"name":"Shaded","section":"Shading Mode"},"sceneLighting":true,"audioPlay":false,"sceneViewState":{"showFog":true,"showMaterialUpdate":false,"showSkybox":true,"showFlares":true,"showImageEffects":true,"showParticleSystems":true},"in2DMode":false,"pivot":{"x":0.28572893142700198,"y":1.600982904434204,"z":1.6663315296173096},"rotation":{"x":-0.15883959829807282,"y":-0.7279224991798401,"z":0.17997077107429505,"w":-0.6423298716545105},"size":7.122838973999023,"orthographic":false}