{"cameraMode":{"drawMode":0,"name":"Shaded","section":"Shading Mode"},"sceneLighting":true,"audioPlay":false,"sceneViewState":{"showFog":true,"showMaterialUpdate":false,"showSkybox":true,"showFlares":true,"showImageEffects":true,"showParticleSystems":true},"in2DMode":false,"pivot":{"x":4.2678399085998539,"y":-0.9752103090286255,"z":4.088451862335205},"rotation":{"x":-0.20894676446914674,"y":-0.5434653759002686,"z":0.14184683561325074,"w":-0.8005452752113342},"size":2.952702522277832,"orthographic":false}