{"cameraMode":{"drawMode":0,"name":"Shaded","section":"Shading Mode"},"sceneLighting":true,"audioPlay":false,"sceneViewState":{"showFog":true,"showMaterialUpdate":false,"showSkybox":true,"showFlares":true,"showImageEffects":true,"showParticleSystems":true},"in2DMode":false,"pivot":{"x":2.2261838912963869,"y":-0.8123223781585693,"z":-5.287105560302734},"rotation":{"x":0.037314750254154208,"y":0.9403626918792725,"z":-0.31988954544067385,"w":0.10967584699392319},"size":3.0872979164123537,"orthographic":false}