{"cameraMode":{"drawMode":0,"name":"Shaded","section":"Shading Mode"},"sceneLighting":true,"audioPlay":false,"sceneViewState":{"showFog":true,"showMaterialUpdate":false,"showSkybox":true,"showFlares":true,"showImageEffects":true,"showParticleSystems":true},"in2DMode":false,"pivot":{"x":-41.727046966552737,"y":1.5036334991455079,"z":-22.244239807128908},"rotation":{"x":0.3981073200702667,"y":-0.14354214072227479,"z":0.06322556734085083,"w":0.9038302898406982},"size":21.3560791015625,"orthographic":false}